{"cameraMode":{"drawMode":0,"name":"Shaded","section":"Shading Mode"},"sceneLighting":false,"audioPlay":false,"sceneViewState":{"m_AlwaysRefresh":false,"showFog":true,"showSkybox":false,"showFlares":true,"showImageEffects":true,"showParticleSystems":true,"showVisualEffectGraphs":true,"m_FxEnabled":true},"in2DMode":false,"pivot":{"x":-0.4860602617263794,"y":3.421936273574829,"z":0.026051705703139306},"rotation":{"x":0.165647953748703,"y":-0.14919133484363557,"z":0.024649279192090036,"w":0.9741981625556946},"size":5.81053352355957,"orthographic":false}